timestamp, power.draw [W] - P100, power.limit [W] - P100, power.management - P100
41:02.7, 25.40 W, 250.00 W, Enabled
41:07.7, 25.40 W, 250.00 W, Enabled
41:12.7, 25.40 W, 250.00 W, Enabled
41:17.7, 25.40 W, 250.00 W, Enabled
41:22.7, 30.26 W, 250.00 W, Enabled
41:27.7, 30.26 W, 250.00 W, Enabled
41:32.7, 133.88 W, 250.00 W, Enabled
41:37.7, 98.46 W, 250.00 W, Enabled
41:42.7, 137.01 W, 250.00 W, Enabled
41:47.7, 155.02 W, 250.00 W, Enabled
41:52.7, 111.95 W, 250.00 W, Enabled
41:57.7, 109.82 W, 250.00 W, Enabled
42:02.7, 142.74 W, 250.00 W, Enabled
42:07.7, 153.90 W, 250.00 W, Enabled
42:12.7, 128.30 W, 250.00 W, Enabled
42:17.7, 136.29 W, 250.00 W, Enabled
42:22.7, 157.82 W, 250.00 W, Enabled
42:27.8, 116.32 W, 250.00 W, Enabled
42:32.8, 135.49 W, 250.00 W, Enabled
42:37.8, 150.51 W, 250.00 W, Enabled
42:42.8, 135.10 W, 250.00 W, Enabled
42:47.8, 98.46 W, 250.00 W, Enabled
42:52.8, 159.76 W, 250.00 W, Enabled
42:57.8, 158.05 W, 250.00 W, Enabled
43:02.8, 146.15 W, 250.00 W, Enabled
43:07.8, 124.50 W, 250.00 W, Enabled
43:12.8, 167.15 W, 250.00 W, Enabled
43:17.8, 147.43 W, 250.00 W, Enabled
43:22.8, 91.71 W, 250.00 W, Enabled
43:27.8, 163.39 W, 250.00 W, Enabled
43:32.8, 151.96 W, 250.00 W, Enabled
43:37.8, 116.08 W, 250.00 W, Enabled
43:42.8, 164.21 W, 250.00 W, Enabled
43:47.8, 119.71 W, 250.00 W, Enabled
43:52.8, 105.20 W, 250.00 W, Enabled
43:57.8, 148.24 W, 250.00 W, Enabled
44:02.8, 154.27 W, 250.00 W, Enabled
44:07.8, 164.83 W, 250.00 W, Enabled
44:12.8, 137.67 W, 250.00 W, Enabled
44:17.8, 103.07 W, 250.00 W, Enabled
44:22.9, 171.05 W, 250.00 W, Enabled
44:27.9, 153.55 W, 250.00 W, Enabled
44:32.9, 96.95 W, 250.00 W, Enabled
44:37.9, 165.57 W, 250.00 W, Enabled
44:42.9, 136.77 W, 250.00 W, Enabled
44:47.9, 133.70 W, 250.00 W, Enabled
44:52.9, 162.42 W, 250.00 W, Enabled
44:57.9, 82.76 W, 250.00 W, Enabled
45:02.9, 130.23 W, 250.00 W, Enabled
45:07.9, 171.05 W, 250.00 W, Enabled
45:12.9, 143.46 W, 250.00 W, Enabled
45:17.9, 121.64 W, 250.00 W, Enabled
45:22.9, 171.69 W, 250.00 W, Enabled
45:27.9, 150.26 W, 250.00 W, Enabled
45:32.9, 88.79 W, 250.00 W, Enabled
45:37.9, 158.58 W, 250.00 W, Enabled
45:42.9, 163.07 W, 250.00 W, Enabled
45:47.9, 90.44 W, 250.00 W, Enabled
45:52.9, 162.27 W, 250.00 W, Enabled
45:57.9, 157.67 W, 250.00 W, Enabled
46:02.9, 106.17 W, 250.00 W, Enabled
46:07.9, 159.27 W, 250.00 W, Enabled
46:12.9, 150.99 W, 250.00 W, Enabled
46:18.0, 105.20 W, 250.00 W, Enabled
46:23.0, 157.59 W, 250.00 W, Enabled
46:28.0, 168.46 W, 250.00 W, Enabled
46:33.0, 133.14 W, 250.00 W, Enabled
46:38.0, 141.07 W, 250.00 W, Enabled
46:43.0, 132.00 W, 250.00 W, Enabled
46:48.0, 171.69 W, 250.00 W, Enabled
46:53.0, 142.04 W, 250.00 W, Enabled
46:58.0, 146.54 W, 250.00 W, Enabled
47:03.0, 171.14 W, 250.00 W, Enabled
47:08.0, 139.21 W, 250.00 W, Enabled
47:13.0, 152.92 W, 250.00 W, Enabled
47:18.0, 162.44 W, 250.00 W, Enabled
47:23.0, 104.72 W, 250.00 W, Enabled
47:28.0, 144.43 W, 250.00 W, Enabled
47:33.0, 158.64 W, 250.00 W, Enabled
47:38.0, 111.03 W, 250.00 W, Enabled
47:43.0, 129.27 W, 250.00 W, Enabled
47:48.0, 164.36 W, 250.00 W, Enabled
47:53.0, 156.47 W, 250.00 W, Enabled
47:58.0, 152.60 W, 250.00 W, Enabled
48:03.0, 163.00 W, 250.00 W, Enabled
48:08.1, 157.82 W, 250.00 W, Enabled
48:13.1, 161.47 W, 250.00 W, Enabled
48:18.1, 159.61 W, 250.00 W, Enabled
48:23.1, 103.50 W, 250.00 W, Enabled
48:28.1, 150.75 W, 250.00 W, Enabled
48:33.1, 157.44 W, 250.00 W, Enabled
48:38.1, 103.07 W, 250.00 W, Enabled
48:43.1, 157.68 W, 250.00 W, Enabled
48:48.1, 148.32 W, 250.00 W, Enabled
48:53.1, 110.06 W, 250.00 W, Enabled
48:58.1, 170.15 W, 250.00 W, Enabled
49:03.1, 146.87 W, 250.00 W, Enabled
49:08.1, 158.16 W, 250.00 W, Enabled
49:13.1, 130.54 W, 250.00 W, Enabled
49:18.1, 130.79 W, 250.00 W, Enabled
49:23.1, 167.75 W, 250.00 W, Enabled
49:28.1, 106.42 W, 250.00 W, Enabled
49:33.1, 164.12 W, 250.00 W, Enabled
49:38.1, 166.39 W, 250.00 W, Enabled
49:43.1, 143.65 W, 250.00 W, Enabled
49:48.1, 150.57 W, 250.00 W, Enabled
49:53.1, 168.23 W, 250.00 W, Enabled
49:58.1, 125.77 W, 250.00 W, Enabled
50:03.1, 150.51 W, 250.00 W, Enabled
50:08.2, 162.18 W, 250.00 W, Enabled
50:13.2, 123.10 W, 250.00 W, Enabled
50:18.2, 169.43 W, 250.00 W, Enabled
50:23.2, 143.57 W, 250.00 W, Enabled
50:28.2, 122.81 W, 250.00 W, Enabled
50:33.2, 172.23 W, 250.00 W, Enabled
50:38.2, 152.11 W, 250.00 W, Enabled
50:43.2, 130.72 W, 250.00 W, Enabled
50:48.2, 165.09 W, 250.00 W, Enabled
50:53.2, 99.68 W, 250.00 W, Enabled
50:58.2, 127.58 W, 250.00 W, Enabled
51:03.2, 173.07 W, 250.00 W, Enabled
51:08.2, 127.16 W, 250.00 W, Enabled
51:13.2, 122.31 W, 250.00 W, Enabled
51:18.3, 163.39 W, 250.00 W, Enabled
51:23.3, 154.87 W, 250.00 W, Enabled
51:28.3, 117.27 W, 250.00 W, Enabled
51:33.3, 175.24 W, 250.00 W, Enabled
51:38.3, 162.42 W, 250.00 W, Enabled
51:43.3, 161.30 W, 250.00 W, Enabled
51:48.3, 110.97 W, 250.00 W, Enabled
51:53.3, 158.17 W, 250.00 W, Enabled
51:58.3, 163.73 W, 250.00 W, Enabled
52:03.3, 119.14 W, 250.00 W, Enabled
52:08.3, 170.52 W, 250.00 W, Enabled
52:13.3, 157.43 W, 250.00 W, Enabled
52:18.3, 102.78 W, 250.00 W, Enabled
52:23.3, 172.94 W, 250.00 W, Enabled
52:28.3, 165.55 W, 250.00 W, Enabled
52:33.3, 123.99 W, 250.00 W, Enabled
52:38.3, 171.62 W, 250.00 W, Enabled
52:43.3, 123.03 W, 250.00 W, Enabled
52:48.3, 134.09 W, 250.00 W, Enabled
52:53.3, 175.99 W, 250.00 W, Enabled
52:58.4, 160.49 W, 250.00 W, Enabled
53:03.4, 129.26 W, 250.00 W, Enabled
53:08.4, 167.38 W, 250.00 W, Enabled
53:13.4, 152.59 W, 250.00 W, Enabled
53:18.4, 134.52 W, 250.00 W, Enabled
53:23.4, 169.56 W, 250.00 W, Enabled
53:28.4, 151.36 W, 250.00 W, Enabled
53:33.4, 144.92 W, 250.00 W, Enabled
53:38.4, 166.59 W, 250.00 W, Enabled
53:43.4, 143.24 W, 250.00 W, Enabled
53:48.4, 160.71 W, 250.00 W, Enabled
53:53.4, 164.59 W, 250.00 W, Enabled
53:58.4, 121.99 W, 250.00 W, Enabled
54:03.4, 169.33 W, 250.00 W, Enabled
54:08.4, 126.34 W, 250.00 W, Enabled
54:13.4, 157.81 W, 250.00 W, Enabled
54:18.4, 101.13 W, 250.00 W, Enabled
54:23.4, 174.88 W, 250.00 W, Enabled
54:28.4, 147.51 W, 250.00 W, Enabled
54:33.4, 128.78 W, 250.00 W, Enabled
54:38.4, 170.52 W, 250.00 W, Enabled
54:43.4, 127.56 W, 250.00 W, Enabled
54:48.4, 131.20 W, 250.00 W, Enabled
54:53.4, 179.48 W, 250.00 W, Enabled
54:58.5, 145.56 W, 250.00 W, Enabled
55:03.5, 126.11 W, 250.00 W, Enabled
55:08.5, 168.23 W, 250.00 W, Enabled
55:13.5, 154.52 W, 250.00 W, Enabled
55:18.5, 127.08 W, 250.00 W, Enabled
55:23.5, 164.01 W, 250.00 W, Enabled
55:28.5, 110.71 W, 250.00 W, Enabled
55:33.5, 172.12 W, 250.00 W, Enabled
55:38.5, 162.41 W, 250.00 W, Enabled
55:43.5, 114.22 W, 250.00 W, Enabled
55:48.5, 174.29 W, 250.00 W, Enabled
55:53.5, 134.27 W, 250.00 W, Enabled
55:58.5, 137.24 W, 250.00 W, Enabled
56:03.5, 166.91 W, 250.00 W, Enabled
56:08.5, 93.49 W, 250.00 W, Enabled
56:13.5, 132.42 W, 250.00 W, Enabled
56:18.5, 171.63 W, 250.00 W, Enabled
56:23.5, 130.54 W, 250.00 W, Enabled
56:28.5, 130.64 W, 250.00 W, Enabled
56:33.5, 165.80 W, 250.00 W, Enabled
56:38.5, 109.09 W, 250.00 W, Enabled
56:43.5, 124.56 W, 250.00 W, Enabled
56:48.6, 149.37 W, 250.00 W, Enabled
56:53.6, 153.31 W, 250.00 W, Enabled
56:58.6, 160.73 W, 250.00 W, Enabled
57:03.6, 111.46 W, 250.00 W, Enabled
57:08.6, 172.48 W, 250.00 W, Enabled
57:13.6, 147.11 W, 250.00 W, Enabled
57:18.6, 108.85 W, 250.00 W, Enabled
57:23.6, 172.57 W, 250.00 W, Enabled
57:28.6, 150.42 W, 250.00 W, Enabled
57:33.6, 127.89 W, 250.00 W, Enabled
57:38.6, 172.23 W, 250.00 W, Enabled
57:43.6, 124.50 W, 250.00 W, Enabled
57:48.6, 91.90 W, 250.00 W, Enabled
57:53.6, 164.60 W, 250.00 W, Enabled
57:58.6, 148.24 W, 250.00 W, Enabled
58:03.6, 103.69 W, 250.00 W, Enabled
58:08.6, 170.30 W, 250.00 W, Enabled
58:13.6, 152.11 W, 250.00 W, Enabled
58:18.6, 108.78 W, 250.00 W, Enabled
58:23.6, 169.12 W, 250.00 W, Enabled
58:28.6, 146.14 W, 250.00 W, Enabled
58:33.7, 128.06 W, 250.00 W, Enabled
58:38.7, 169.20 W, 250.00 W, Enabled
58:43.7, 90.01 W, 250.00 W, Enabled
58:48.7, 133.63 W, 250.00 W, Enabled
58:53.7, 167.10 W, 250.00 W, Enabled
58:58.7, 142.51 W, 250.00 W, Enabled
59:03.7, 175.24 W, 250.00 W, Enabled
59:08.7, 157.01 W, 250.00 W, Enabled
59:13.7, 130.97 W, 250.00 W, Enabled
59:18.7, 104.48 W, 250.00 W, Enabled
59:23.7, 171.75 W, 250.00 W, Enabled
59:28.7, 153.08 W, 250.00 W, Enabled
59:33.7, 111.52 W, 250.00 W, Enabled
59:38.7, 165.81 W, 250.00 W, Enabled
59:43.7, 143.72 W, 250.00 W, Enabled
59:48.7, 125.39 W, 250.00 W, Enabled
59:53.8, 112.67 W, 250.00 W, Enabled
59:58.8, 130.56 W, 250.00 W, Enabled
00:03.8, 172.10 W, 250.00 W, Enabled
00:08.8, 162.58 W, 250.00 W, Enabled
00:13.8, 149.21 W, 250.00 W, Enabled
00:18.8, 156.22 W, 250.00 W, Enabled
00:23.8, 111.70 W, 250.00 W, Enabled
00:28.8, 155.99 W, 250.00 W, Enabled
00:33.8, 156.46 W, 250.00 W, Enabled
00:38.8, 113.89 W, 250.00 W, Enabled
00:43.8, 175.86 W, 250.00 W, Enabled
00:48.8, 131.05 W, 250.00 W, Enabled
00:53.8, 109.38 W, 250.00 W, Enabled
00:58.8, 171.26 W, 250.00 W, Enabled
01:03.8, 149.77 W, 250.00 W, Enabled
01:08.9, 127.40 W, 250.00 W, Enabled
01:13.9, 170.78 W, 250.00 W, Enabled
01:18.9, 134.53 W, 250.00 W, Enabled
01:23.9, 162.18 W, 250.00 W, Enabled
01:28.9, 165.80 W, 250.00 W, Enabled
01:33.9, 96.28 W, 250.00 W, Enabled
01:38.9, 128.55 W, 250.00 W, Enabled
01:43.9, 168.72 W, 250.00 W, Enabled
01:48.9, 175.49 W, 250.00 W, Enabled
01:53.9, 122.87 W, 250.00 W, Enabled
01:58.9, 132.97 W, 250.00 W, Enabled
02:03.9, 169.81 W, 250.00 W, Enabled
02:08.9, 124.98 W, 250.00 W, Enabled
02:13.9, 133.39 W, 250.00 W, Enabled
02:18.9, 168.59 W, 250.00 W, Enabled
02:23.9, 153.66 W, 250.00 W, Enabled
02:28.9, 130.32 W, 250.00 W, Enabled
02:33.9, 160.82 W, 250.00 W, Enabled
02:38.9, 165.57 W, 250.00 W, Enabled
02:43.9, 158.79 W, 250.00 W, Enabled
02:48.9, 164.60 W, 250.00 W, Enabled
02:54.0, 103.74 W, 250.00 W, Enabled
02:59.0, 172.96 W, 250.00 W, Enabled
03:04.0, 128.13 W, 250.00 W, Enabled
03:09.0, 132.42 W, 250.00 W, Enabled
03:14.0, 166.04 W, 250.00 W, Enabled
03:19.0, 95.00 W, 250.00 W, Enabled
03:24.0, 132.72 W, 250.00 W, Enabled
03:29.0, 163.15 W, 250.00 W, Enabled
03:34.0, 146.38 W, 250.00 W, Enabled
03:39.0, 110.79 W, 250.00 W, Enabled
03:44.0, 168.15 W, 250.00 W, Enabled
03:49.0, 143.96 W, 250.00 W, Enabled
03:54.0, 124.98 W, 250.00 W, Enabled
03:59.0, 167.42 W, 250.00 W, Enabled
04:04.0, 90.98 W, 250.00 W, Enabled
04:09.0, 131.76 W, 250.00 W, Enabled
04:14.0, 169.33 W, 250.00 W, Enabled
04:19.0, 91.71 W, 250.00 W, Enabled
04:24.0, 164.70 W, 250.00 W, Enabled
04:29.0, 106.61 W, 250.00 W, Enabled
04:34.0, 172.74 W, 250.00 W, Enabled
04:39.0, 132.85 W, 250.00 W, Enabled
04:44.0, 133.40 W, 250.00 W, Enabled
04:49.1, 172.63 W, 250.00 W, Enabled
04:54.1, 119.87 W, 250.00 W, Enabled
04:59.1, 151.06 W, 250.00 W, Enabled
05:04.1, 166.21 W, 250.00 W, Enabled
05:09.1, 110.79 W, 250.00 W, Enabled
05:14.1, 158.08 W, 250.00 W, Enabled
05:19.1, 146.54 W, 250.00 W, Enabled
05:24.1, 112.98 W, 250.00 W, Enabled
05:29.1, 165.10 W, 250.00 W, Enabled
05:34.1, 145.17 W, 250.00 W, Enabled
05:39.1, 102.29 W, 250.00 W, Enabled
05:44.1, 170.88 W, 250.00 W, Enabled
05:49.1, 154.87 W, 250.00 W, Enabled
05:54.1, 119.23 W, 250.00 W, Enabled
05:59.1, 169.93 W, 250.00 W, Enabled
06:04.1, 148.32 W, 250.00 W, Enabled
06:09.1, 160.00 W, 250.00 W, Enabled
06:14.1, 168.70 W, 250.00 W, Enabled
06:19.1, 107.14 W, 250.00 W, Enabled
06:24.1, 169.67 W, 250.00 W, Enabled
06:29.1, 163.88 W, 250.00 W, Enabled
06:34.2, 110.48 W, 250.00 W, Enabled
06:39.2, 167.51 W, 250.00 W, Enabled
06:44.2, 158.88 W, 250.00 W, Enabled
06:49.2, 107.39 W, 250.00 W, Enabled
06:54.2, 118.97 W, 250.00 W, Enabled
06:59.2, 152.26 W, 250.00 W, Enabled
07:04.2, 169.33 W, 250.00 W, Enabled
07:09.2, 113.14 W, 250.00 W, Enabled
07:14.2, 160.62 W, 250.00 W, Enabled
07:19.2, 159.34 W, 250.00 W, Enabled
07:24.2, 101.01 W, 250.00 W, Enabled
07:29.2, 164.98 W, 250.00 W, Enabled
07:34.2, 133.20 W, 250.00 W, Enabled
07:39.2, 110.23 W, 250.00 W, Enabled
07:44.2, 170.37 W, 250.00 W, Enabled
07:49.2, 143.72 W, 250.00 W, Enabled
07:54.2, 131.37 W, 250.00 W, Enabled
07:59.2, 172.62 W, 250.00 W, Enabled
08:04.2, 147.66 W, 250.00 W, Enabled
08:09.2, 146.85 W, 250.00 W, Enabled
08:14.3, 169.07 W, 250.00 W, Enabled
08:19.3, 133.45 W, 250.00 W, Enabled
08:24.3, 152.50 W, 250.00 W, Enabled
08:29.3, 110.29 W, 250.00 W, Enabled
08:34.3, 130.70 W, 250.00 W, Enabled
08:39.3, 36.58 W, 250.00 W, Enabled
08:44.3, 162.41 W, 250.00 W, Enabled
08:49.3, 158.05 W, 250.00 W, Enabled
08:54.3, 104.40 W, 250.00 W, Enabled
08:59.3, 173.57 W, 250.00 W, Enabled
09:04.3, 155.25 W, 250.00 W, Enabled
09:09.3, 105.69 W, 250.00 W, Enabled
09:14.3, 163.52 W, 250.00 W, Enabled
09:19.3, 155.65 W, 250.00 W, Enabled
09:24.3, 106.83 W, 250.00 W, Enabled
09:29.3, 147.83 W, 250.00 W, Enabled
09:34.3, 162.41 W, 250.00 W, Enabled
09:39.3, 163.28 W, 250.00 W, Enabled
09:44.3, 128.54 W, 250.00 W, Enabled
09:49.3, 164.73 W, 250.00 W, Enabled
09:54.3, 138.15 W, 250.00 W, Enabled
09:59.3, 129.08 W, 250.00 W, Enabled
10:04.3, 164.59 W, 250.00 W, Enabled
10:09.4, 107.40 W, 250.00 W, Enabled
10:14.4, 117.94 W, 250.00 W, Enabled
10:19.4, 161.70 W, 250.00 W, Enabled
10:24.4, 155.25 W, 250.00 W, Enabled
10:29.4, 91.41 W, 250.00 W, Enabled
10:34.4, 166.28 W, 250.00 W, Enabled
10:39.4, 152.82 W, 250.00 W, Enabled
10:44.4, 127.07 W, 250.00 W, Enabled
10:49.4, 135.49 W, 250.00 W, Enabled
10:54.4, 162.07 W, 250.00 W, Enabled
10:59.4, 161.20 W, 250.00 W, Enabled
11:04.4, 129.00 W, 250.00 W, Enabled
11:09.4, 164.35 W, 250.00 W, Enabled
11:14.4, 171.88 W, 250.00 W, Enabled
11:19.4, 119.39 W, 250.00 W, Enabled
11:24.4, 120.61 W, 250.00 W, Enabled
11:29.4, 165.09 W, 250.00 W, Enabled
11:34.4, 150.66 W, 250.00 W, Enabled
11:39.4, 108.79 W, 250.00 W, Enabled
11:44.4, 166.78 W, 250.00 W, Enabled
11:49.4, 148.32 W, 250.00 W, Enabled
11:54.5, 125.47 W, 250.00 W, Enabled
11:59.5, 163.38 W, 250.00 W, Enabled
12:04.5, 160.58 W, 250.00 W, Enabled
12:09.5, 149.93 W, 250.00 W, Enabled
12:14.5, 156.96 W, 250.00 W, Enabled
12:19.5, 109.33 W, 250.00 W, Enabled
12:24.5, 167.40 W, 250.00 W, Enabled
12:29.5, 153.81 W, 250.00 W, Enabled
12:34.5, 128.54 W, 250.00 W, Enabled
12:39.5, 169.44 W, 250.00 W, Enabled
12:44.5, 121.09 W, 250.00 W, Enabled
12:49.5, 125.47 W, 250.00 W, Enabled
12:54.5, 166.91 W, 250.00 W, Enabled
12:59.5, 123.28 W, 250.00 W, Enabled
13:04.5, 155.41 W, 250.00 W, Enabled
13:09.5, 167.49 W, 250.00 W, Enabled
13:14.5, 152.66 W, 250.00 W, Enabled
13:19.5, 137.43 W, 250.00 W, Enabled
13:24.5, 164.36 W, 250.00 W, Enabled
13:29.5, 106.17 W, 250.00 W, Enabled
13:34.5, 171.26 W, 250.00 W, Enabled
13:39.5, 146.30 W, 250.00 W, Enabled
13:44.5, 93.79 W, 250.00 W, Enabled
13:49.6, 107.14 W, 250.00 W, Enabled
13:54.6, 155.74 W, 250.00 W, Enabled
13:59.6, 156.85 W, 250.00 W, Enabled
14:04.6, 119.94 W, 250.00 W, Enabled
14:09.6, 170.54 W, 250.00 W, Enabled
14:14.6, 153.32 W, 250.00 W, Enabled
14:19.6, 101.86 W, 250.00 W, Enabled
14:24.6, 168.67 W, 250.00 W, Enabled
14:29.6, 152.34 W, 250.00 W, Enabled
14:34.6, 133.39 W, 250.00 W, Enabled
14:39.6, 171.36 W, 250.00 W, Enabled
14:44.6, 145.57 W, 250.00 W, Enabled
14:49.6, 165.80 W, 250.00 W, Enabled
14:54.6, 160.09 W, 250.00 W, Enabled
14:59.6, 123.26 W, 250.00 W, Enabled
15:04.6, 173.06 W, 250.00 W, Enabled
15:09.6, 94.82 W, 250.00 W, Enabled
15:14.6, 128.06 W, 250.00 W, Enabled
15:19.6, 166.70 W, 250.00 W, Enabled
15:24.6, 128.13 W, 250.00 W, Enabled
15:29.6, 137.67 W, 250.00 W, Enabled
15:34.7, 161.94 W, 250.00 W, Enabled
15:39.7, 102.83 W, 250.00 W, Enabled
15:44.7, 156.61 W, 250.00 W, Enabled
15:49.7, 152.20 W, 250.00 W, Enabled
15:54.7, 112.17 W, 250.00 W, Enabled
15:59.7, 166.18 W, 250.00 W, Enabled
16:04.7, 144.20 W, 250.00 W, Enabled
16:09.7, 128.06 W, 250.00 W, Enabled
16:14.7, 165.24 W, 250.00 W, Enabled
16:19.7, 167.66 W, 250.00 W, Enabled
16:24.7, 150.26 W, 250.00 W, Enabled
16:29.7, 102.77 W, 250.00 W, Enabled
16:34.7, 170.54 W, 250.00 W, Enabled
16:39.7, 157.10 W, 250.00 W, Enabled
16:44.7, 117.70 W, 250.00 W, Enabled
16:49.7, 166.43 W, 250.00 W, Enabled
16:54.7, 136.70 W, 250.00 W, Enabled
16:59.7, 125.86 W, 250.00 W, Enabled
17:04.7, 169.81 W, 250.00 W, Enabled
17:09.7, 99.43 W, 250.00 W, Enabled
17:14.7, 125.94 W, 250.00 W, Enabled
17:19.7, 167.51 W, 250.00 W, Enabled
17:24.7, 158.87 W, 250.00 W, Enabled
17:29.8, 165.55 W, 250.00 W, Enabled
17:34.8, 151.86 W, 250.00 W, Enabled
17:39.8, 118.60 W, 250.00 W, Enabled
17:44.8, 167.65 W, 250.00 W, Enabled
17:49.8, 160.58 W, 250.00 W, Enabled
17:54.8, 134.42 W, 250.00 W, Enabled
17:59.8, 166.78 W, 250.00 W, Enabled
18:04.8, 163.63 W, 250.00 W, Enabled
18:09.8, 165.55 W, 250.00 W, Enabled
18:14.8, 162.17 W, 250.00 W, Enabled
18:19.8, 110.55 W, 250.00 W, Enabled
18:24.8, 171.86 W, 250.00 W, Enabled
18:29.8, 154.52 W, 250.00 W, Enabled
18:34.8, 129.27 W, 250.00 W, Enabled
18:39.8, 164.12 W, 250.00 W, Enabled
18:44.8, 119.46 W, 250.00 W, Enabled
18:49.8, 105.44 W, 250.00 W, Enabled
18:54.8, 103.74 W, 250.00 W, Enabled
18:59.8, 172.48 W, 250.00 W, Enabled
19:04.8, 154.29 W, 250.00 W, Enabled
19:09.8, 128.29 W, 250.00 W, Enabled
19:14.9, 165.09 W, 250.00 W, Enabled
19:19.9, 109.75 W, 250.00 W, Enabled
19:24.9, 145.09 W, 250.00 W, Enabled
19:29.9, 165.40 W, 250.00 W, Enabled
19:34.9, 91.95 W, 250.00 W, Enabled
19:39.9, 167.25 W, 250.00 W, Enabled
19:44.9, 126.92 W, 250.00 W, Enabled
19:49.9, 113.15 W, 250.00 W, Enabled
19:54.9, 151.63 W, 250.00 W, Enabled
19:59.9, 160.09 W, 250.00 W, Enabled
20:04.9, 105.44 W, 250.00 W, Enabled
20:09.9, 171.75 W, 250.00 W, Enabled
20:14.9, 148.32 W, 250.00 W, Enabled
20:19.9, 90.01 W, 250.00 W, Enabled
20:24.9, 176.59 W, 250.00 W, Enabled
20:29.9, 145.42 W, 250.00 W, Enabled
20:34.9, 125.21 W, 250.00 W, Enabled
20:39.9, 169.44 W, 250.00 W, Enabled
20:44.9, 89.71 W, 250.00 W, Enabled
20:49.9, 127.33 W, 250.00 W, Enabled
20:54.9, 166.67 W, 250.00 W, Enabled
20:59.9, 143.55 W, 250.00 W, Enabled
21:05.0, 128.86 W, 250.00 W, Enabled
21:10.0, 165.09 W, 250.00 W, Enabled
21:15.0, 120.43 W, 250.00 W, Enabled
21:20.0, 126.68 W, 250.00 W, Enabled
21:25.0, 161.70 W, 250.00 W, Enabled
21:30.0, 156.95 W, 250.00 W, Enabled
21:35.0, 133.63 W, 250.00 W, Enabled
21:40.0, 166.94 W, 250.00 W, Enabled
21:45.0, 123.27 W, 250.00 W, Enabled
21:50.0, 107.86 W, 250.00 W, Enabled
21:55.0, 165.55 W, 250.00 W, Enabled
22:00.0, 142.58 W, 250.00 W, Enabled
22:05.0, 130.78 W, 250.00 W, Enabled
22:10.0, 166.78 W, 250.00 W, Enabled
22:15.0, 119.46 W, 250.00 W, Enabled
22:20.0, 129.99 W, 250.00 W, Enabled
22:25.0, 156.63 W, 250.00 W, Enabled
22:30.0, 153.47 W, 250.00 W, Enabled
22:35.0, 155.65 W, 250.00 W, Enabled
22:40.0, 153.31 W, 250.00 W, Enabled
22:45.0, 148.48 W, 250.00 W, Enabled
22:50.0, 159.76 W, 250.00 W, Enabled
22:55.1, 158.64 W, 250.00 W, Enabled
23:00.1, 124.01 W, 250.00 W, Enabled
23:05.1, 171.36 W, 250.00 W, Enabled
23:10.1, 120.12 W, 250.00 W, Enabled
23:15.1, 125.22 W, 250.00 W, Enabled
23:20.1, 169.93 W, 250.00 W, Enabled
23:25.1, 113.70 W, 250.00 W, Enabled
23:30.1, 156.13 W, 250.00 W, Enabled
23:35.1, 149.93 W, 250.00 W, Enabled
23:40.1, 118.73 W, 250.00 W, Enabled
23:45.1, 163.31 W, 250.00 W, Enabled
23:50.1, 142.58 W, 250.00 W, Enabled
23:55.1, 162.42 W, 250.00 W, Enabled
24:00.1, 112.19 W, 250.00 W, Enabled
24:05.1, 169.12 W, 250.00 W, Enabled
24:10.1, 127.41 W, 250.00 W, Enabled
24:15.1, 105.92 W, 250.00 W, Enabled
24:20.1, 132.42 W, 250.00 W, Enabled
24:25.1, 167.26 W, 250.00 W, Enabled
24:30.1, 99.68 W, 250.00 W, Enabled
24:35.1, 171.02 W, 250.00 W, Enabled
24:40.2, 146.38 W, 250.00 W, Enabled
24:45.2, 90.25 W, 250.00 W, Enabled
24:50.2, 162.91 W, 250.00 W, Enabled
24:55.2, 153.32 W, 250.00 W, Enabled
25:00.2, 130.24 W, 250.00 W, Enabled
25:05.2, 168.79 W, 250.00 W, Enabled
25:10.2, 103.26 W, 250.00 W, Enabled
25:15.2, 130.23 W, 250.00 W, Enabled
25:20.2, 167.18 W, 250.00 W, Enabled
25:25.2, 122.86 W, 250.00 W, Enabled
25:30.2, 156.69 W, 250.00 W, Enabled
25:35.2, 144.45 W, 250.00 W, Enabled
25:40.2, 97.43 W, 250.00 W, Enabled
25:45.2, 158.64 W, 250.00 W, Enabled
25:50.2, 158.58 W, 250.00 W, Enabled
25:55.2, 120.85 W, 250.00 W, Enabled
26:00.2, 167.49 W, 250.00 W, Enabled
26:05.2, 152.36 W, 250.00 W, Enabled
26:10.2, 118.97 W, 250.00 W, Enabled
26:15.2, 172.09 W, 250.00 W, Enabled
26:20.2, 157.84 W, 250.00 W, Enabled
26:25.3, 158.31 W, 250.00 W, Enabled
26:30.3, 109.82 W, 250.00 W, Enabled
26:35.3, 175.48 W, 250.00 W, Enabled
26:40.3, 142.02 W, 250.00 W, Enabled
26:45.3, 128.62 W, 250.00 W, Enabled
26:50.3, 164.83 W, 250.00 W, Enabled
26:55.3, 125.94 W, 250.00 W, Enabled
27:00.3, 160.01 W, 250.00 W, Enabled
27:05.3, 157.91 W, 250.00 W, Enabled
27:10.3, 99.19 W, 250.00 W, Enabled
27:15.3, 175.24 W, 250.00 W, Enabled
27:20.3, 132.26 W, 250.00 W, Enabled
27:25.3, 126.92 W, 250.00 W, Enabled
27:30.3, 166.54 W, 250.00 W, Enabled
27:35.3, 85.64 W, 250.00 W, Enabled
27:40.3, 130.54 W, 250.00 W, Enabled
27:45.3, 168.86 W, 250.00 W, Enabled
27:50.3, 118.97 W, 250.00 W, Enabled
27:55.3, 152.51 W, 250.00 W, Enabled
28:00.3, 167.02 W, 250.00 W, Enabled
28:05.3, 107.63 W, 250.00 W, Enabled
28:10.3, 152.36 W, 250.00 W, Enabled
28:15.4, 157.44 W, 250.00 W, Enabled
28:20.4, 120.67 W, 250.00 W, Enabled
28:25.4, 172.02 W, 250.00 W, Enabled
28:30.4, 156.47 W, 250.00 W, Enabled
28:35.4, 127.64 W, 250.00 W, Enabled
28:40.4, 172.02 W, 250.00 W, Enabled
28:45.4, 76.92 W, 250.00 W, Enabled
28:50.4, 129.08 W, 250.00 W, Enabled
28:55.4, 167.98 W, 250.00 W, Enabled
29:00.4, 173.94 W, 250.00 W, Enabled
29:05.4, 157.82 W, 250.00 W, Enabled
29:10.4, 118.18 W, 250.00 W, Enabled
29:15.4, 162.07 W, 250.00 W, Enabled
29:20.4, 164.59 W, 250.00 W, Enabled
29:25.4, 163.97 W, 250.00 W, Enabled
29:30.4, 158.79 W, 250.00 W, Enabled
29:35.4, 117.27 W, 250.00 W, Enabled
29:40.4, 165.49 W, 250.00 W, Enabled
29:45.4, 159.03 W, 250.00 W, Enabled
29:50.5, 111.52 W, 250.00 W, Enabled
29:55.5, 170.08 W, 250.00 W, Enabled
30:00.5, 122.30 W, 250.00 W, Enabled
30:05.5, 127.96 W, 250.00 W, Enabled
30:10.5, 166.70 W, 250.00 W, Enabled
30:15.5, 108.29 W, 250.00 W, Enabled
30:20.5, 146.30 W, 250.00 W, Enabled
30:25.5, 156.95 W, 250.00 W, Enabled
30:30.5, 104.96 W, 250.00 W, Enabled
30:35.5, 160.00 W, 250.00 W, Enabled
30:40.5, 160.97 W, 250.00 W, Enabled
30:45.5, 112.92 W, 250.00 W, Enabled
30:50.5, 167.49 W, 250.00 W, Enabled
30:55.5, 151.72 W, 250.00 W, Enabled
31:00.5, 101.50 W, 250.00 W, Enabled
31:05.5, 167.77 W, 250.00 W, Enabled
31:10.5, 144.36 W, 250.00 W, Enabled
31:15.5, 159.61 W, 250.00 W, Enabled
31:20.5, 163.97 W, 250.00 W, Enabled
31:25.5, 127.07 W, 250.00 W, Enabled
31:30.5, 158.64 W, 250.00 W, Enabled
31:35.5, 108.11 W, 250.00 W, Enabled
31:40.6, 166.18 W, 250.00 W, Enabled
31:45.6, 83.69 W, 250.00 W, Enabled
31:50.6, 133.14 W, 250.00 W, Enabled
31:55.6, 168.85 W, 250.00 W, Enabled
32:00.6, 125.88 W, 250.00 W, Enabled
32:05.6, 158.17 W, 250.00 W, Enabled
32:10.6, 166.85 W, 250.00 W, Enabled
32:15.6, 129.03 W, 250.00 W, Enabled
32:20.6, 123.52 W, 250.00 W, Enabled
32:25.6, 159.90 W, 250.00 W, Enabled
32:30.6, 110.30 W, 250.00 W, Enabled
32:35.6, 159.85 W, 250.00 W, Enabled
32:40.6, 141.54 W, 250.00 W, Enabled
32:45.6, 123.93 W, 250.00 W, Enabled
32:50.6, 160.82 W, 250.00 W, Enabled
32:55.6, 110.49 W, 250.00 W, Enabled
33:00.6, 146.52 W, 250.00 W, Enabled
33:05.6, 157.43 W, 250.00 W, Enabled
33:10.6, 99.44 W, 250.00 W, Enabled
33:15.6, 168.39 W, 250.00 W, Enabled
33:20.6, 144.69 W, 250.00 W, Enabled
33:25.6, 93.11 W, 250.00 W, Enabled
33:30.6, 174.17 W, 250.00 W, Enabled
33:35.6, 123.50 W, 250.00 W, Enabled
33:40.7, 134.09 W, 250.00 W, Enabled
33:45.7, 169.09 W, 250.00 W, Enabled
33:50.7, 136.27 W, 250.00 W, Enabled
33:55.7, 119.88 W, 250.00 W, Enabled
34:00.7, 170.40 W, 250.00 W, Enabled
34:05.7, 159.75 W, 250.00 W, Enabled
34:10.7, 164.84 W, 250.00 W, Enabled
34:15.7, 127.33 W, 250.00 W, Enabled
34:20.7, 125.69 W, 250.00 W, Enabled
34:25.7, 154.93 W, 250.00 W, Enabled
34:30.7, 108.85 W, 250.00 W, Enabled
34:35.7, 131.93 W, 250.00 W, Enabled
34:40.7, 164.25 W, 250.00 W, Enabled
34:45.7, 136.76 W, 250.00 W, Enabled
34:50.7, 173.44 W, 250.00 W, Enabled
34:55.7, 145.63 W, 250.00 W, Enabled
35:00.7, 108.29 W, 250.00 W, Enabled
35:05.7, 167.15 W, 250.00 W, Enabled
35:10.7, 152.83 W, 250.00 W, Enabled
35:15.7, 110.05 W, 250.00 W, Enabled
35:20.7, 165.97 W, 250.00 W, Enabled
35:25.7, 121.33 W, 250.00 W, Enabled
35:30.8, 134.36 W, 250.00 W, Enabled
35:35.8, 119.45 W, 250.00 W, Enabled
35:40.8, 124.25 W, 250.00 W, Enabled
35:45.8, 88.01 W, 250.00 W, Enabled
35:50.8, 113.32 W, 250.00 W, Enabled
35:55.8, 165.20 W, 250.00 W, Enabled
36:00.8, 146.77 W, 250.00 W, Enabled
36:05.8, 102.04 W, 250.00 W, Enabled
36:10.8, 170.77 W, 250.00 W, Enabled
36:15.8, 154.68 W, 250.00 W, Enabled
36:20.8, 127.57 W, 250.00 W, Enabled
36:25.8, 167.49 W, 250.00 W, Enabled
36:30.8, 106.10 W, 250.00 W, Enabled
36:35.8, 145.82 W, 250.00 W, Enabled
36:40.8, 162.65 W, 250.00 W, Enabled
36:45.8, 114.59 W, 250.00 W, Enabled
36:50.8, 130.16 W, 250.00 W, Enabled
36:55.8, 166.28 W, 250.00 W, Enabled
37:00.8, 145.17 W, 250.00 W, Enabled
37:05.8, 97.43 W, 250.00 W, Enabled
37:10.8, 168.36 W, 250.00 W, Enabled
37:15.8, 155.89 W, 250.00 W, Enabled
37:20.8, 114.12 W, 250.00 W, Enabled
37:25.9, 144.03 W, 250.00 W, Enabled
37:30.9, 151.13 W, 250.00 W, Enabled
37:35.9, 106.10 W, 250.00 W, Enabled
37:40.9, 165.33 W, 250.00 W, Enabled
37:45.9, 149.93 W, 250.00 W, Enabled
37:50.9, 125.71 W, 250.00 W, Enabled
37:55.9, 164.60 W, 250.00 W, Enabled
38:00.9, 103.74 W, 250.00 W, Enabled
38:05.9, 134.59 W, 250.00 W, Enabled
38:10.9, 160.01 W, 250.00 W, Enabled
38:15.9, 156.64 W, 250.00 W, Enabled
38:20.9, 161.32 W, 250.00 W, Enabled
38:25.9, 132.17 W, 250.00 W, Enabled
38:30.9, 159.76 W, 250.00 W, Enabled
38:35.9, 161.06 W, 250.00 W, Enabled
38:40.9, 127.39 W, 250.00 W, Enabled
38:45.9, 169.67 W, 250.00 W, Enabled
38:50.9, 114.12 W, 250.00 W, Enabled
38:55.9, 170.65 W, 250.00 W, Enabled
39:00.9, 154.04 W, 250.00 W, Enabled
39:06.0, 118.67 W, 250.00 W, Enabled
39:11.0, 169.93 W, 250.00 W, Enabled
39:16.0, 159.06 W, 250.00 W, Enabled
39:21.0, 167.73 W, 250.00 W, Enabled
39:26.0, 155.98 W, 250.00 W, Enabled
39:31.0, 126.50 W, 250.00 W, Enabled
39:36.0, 164.94 W, 250.00 W, Enabled
39:41.0, 164.60 W, 250.00 W, Enabled
39:46.0, 120.61 W, 250.00 W, Enabled
39:51.0, 169.81 W, 250.00 W, Enabled
39:56.0, 86.85 W, 250.00 W, Enabled
40:01.0, 133.55 W, 250.00 W, Enabled
40:06.0, 163.15 W, 250.00 W, Enabled
40:11.0, 107.14 W, 250.00 W, Enabled
40:16.0, 170.65 W, 250.00 W, Enabled
40:21.0, 120.12 W, 250.00 W, Enabled
40:26.0, 121.16 W, 250.00 W, Enabled
40:31.0, 162.18 W, 250.00 W, Enabled
40:36.0, 152.69 W, 250.00 W, Enabled
40:41.0, 99.37 W, 250.00 W, Enabled
40:46.0, 166.36 W, 250.00 W, Enabled
40:51.1, 162.91 W, 250.00 W, Enabled
40:56.1, 167.75 W, 250.00 W, Enabled
41:01.1, 150.80 W, 250.00 W, Enabled
41:06.1, 130.32 W, 250.00 W, Enabled
41:11.1, 161.94 W, 250.00 W, Enabled
41:16.1, 105.44 W, 250.00 W, Enabled
41:21.1, 167.25 W, 250.00 W, Enabled
41:26.1, 152.11 W, 250.00 W, Enabled
41:31.1, 93.06 W, 250.00 W, Enabled
41:36.1, 169.81 W, 250.00 W, Enabled
41:41.1, 154.77 W, 250.00 W, Enabled
41:46.1, 126.91 W, 250.00 W, Enabled
41:51.1, 169.19 W, 250.00 W, Enabled
41:56.1, 121.09 W, 250.00 W, Enabled
42:01.1, 145.65 W, 250.00 W, Enabled
42:06.1, 168.33 W, 250.00 W, Enabled
42:11.1, 97.69 W, 250.00 W, Enabled
42:16.1, 160.49 W, 250.00 W, Enabled
42:21.1, 126.19 W, 250.00 W, Enabled
42:26.1, 111.03 W, 250.00 W, Enabled
42:31.1, 164.94 W, 250.00 W, Enabled
42:36.1, 138.87 W, 250.00 W, Enabled
42:41.1, 124.74 W, 250.00 W, Enabled
42:46.2, 166.39 W, 250.00 W, Enabled
42:51.2, 153.66 W, 250.00 W, Enabled
42:56.2, 127.16 W, 250.00 W, Enabled
43:01.2, 165.18 W, 250.00 W, Enabled
43:06.2, 107.45 W, 250.00 W, Enabled
43:11.2, 165.18 W, 250.00 W, Enabled
43:16.2, 163.86 W, 250.00 W, Enabled
43:21.2, 88.55 W, 250.00 W, Enabled
43:26.2, 137.43 W, 250.00 W, Enabled
43:31.2, 106.24 W, 250.00 W, Enabled
43:36.2, 168.23 W, 250.00 W, Enabled
43:41.2, 151.87 W, 250.00 W, Enabled
43:46.2, 120.86 W, 250.00 W, Enabled
43:51.2, 165.09 W, 250.00 W, Enabled
43:56.2, 167.75 W, 250.00 W, Enabled
44:01.2, 105.20 W, 250.00 W, Enabled
44:06.2, 122.80 W, 250.00 W, Enabled
44:11.2, 167.49 W, 250.00 W, Enabled
44:16.2, 150.51 W, 250.00 W, Enabled
44:21.2, 129.51 W, 250.00 W, Enabled
44:26.2, 168.63 W, 250.00 W, Enabled
44:31.2, 122.86 W, 250.00 W, Enabled
44:36.2, 125.47 W, 250.00 W, Enabled
44:41.3, 168.72 W, 250.00 W, Enabled
44:46.3, 134.11 W, 250.00 W, Enabled
44:51.3, 149.29 W, 250.00 W, Enabled
44:56.3, 156.47 W, 250.00 W, Enabled
45:01.3, 92.93 W, 250.00 W, Enabled
45:06.3, 129.27 W, 250.00 W, Enabled
45:11.3, 160.00 W, 250.00 W, Enabled
45:16.3, 117.84 W, 250.00 W, Enabled
45:21.3, 168.60 W, 250.00 W, Enabled
45:26.3, 155.49 W, 250.00 W, Enabled
45:31.3, 90.01 W, 250.00 W, Enabled
45:36.3, 174.41 W, 250.00 W, Enabled
45:41.3, 147.75 W, 250.00 W, Enabled
45:46.3, 124.49 W, 250.00 W, Enabled
45:51.3, 168.46 W, 250.00 W, Enabled
45:56.3, 120.44 W, 250.00 W, Enabled
46:01.3, 164.84 W, 250.00 W, Enabled
46:06.3, 123.83 W, 250.00 W, Enabled
46:11.3, 161.45 W, 250.00 W, Enabled
46:16.3, 166.21 W, 250.00 W, Enabled
46:21.4, 93.36 W, 250.00 W, Enabled
46:26.4, 156.96 W, 250.00 W, Enabled
46:31.4, 146.14 W, 250.00 W, Enabled
46:36.4, 125.47 W, 250.00 W, Enabled
46:41.4, 132.89 W, 250.00 W, Enabled
46:46.4, 155.26 W, 250.00 W, Enabled
46:51.4, 97.49 W, 250.00 W, Enabled
46:56.4, 175.62 W, 250.00 W, Enabled
47:01.4, 139.21 W, 250.00 W, Enabled
47:06.4, 123.76 W, 250.00 W, Enabled
47:11.4, 169.80 W, 250.00 W, Enabled
47:16.4, 155.99 W, 250.00 W, Enabled
47:21.4, 132.91 W, 250.00 W, Enabled
47:26.4, 169.81 W, 250.00 W, Enabled
47:31.4, 108.06 W, 250.00 W, Enabled
47:36.4, 129.59 W, 250.00 W, Enabled
47:41.4, 166.05 W, 250.00 W, Enabled
47:46.4, 141.12 W, 250.00 W, Enabled
47:51.4, 133.79 W, 250.00 W, Enabled
47:56.4, 164.84 W, 250.00 W, Enabled
48:01.4, 161.70 W, 250.00 W, Enabled
48:06.4, 103.22 W, 250.00 W, Enabled
48:11.4, 169.30 W, 250.00 W, Enabled
48:16.5, 138.24 W, 250.00 W, Enabled
48:21.5, 137.26 W, 250.00 W, Enabled
48:26.5, 167.25 W, 250.00 W, Enabled
48:31.5, 52.16 W, 250.00 W, Enabled
48:36.5, 164.21 W, 250.00 W, Enabled
48:41.5, 130.79 W, 250.00 W, Enabled
48:46.5, 158.58 W, 250.00 W, Enabled
48:51.5, 114.14 W, 250.00 W, Enabled
48:56.5, 167.42 W, 250.00 W, Enabled
49:01.5, 151.87 W, 250.00 W, Enabled
49:06.5, 94.86 W, 250.00 W, Enabled
49:11.5, 165.81 W, 250.00 W, Enabled
49:16.5, 157.58 W, 250.00 W, Enabled
49:21.5, 124.50 W, 250.00 W, Enabled
49:26.5, 166.05 W, 250.00 W, Enabled
49:31.5, 96.76 W, 250.00 W, Enabled
49:36.5, 130.73 W, 250.00 W, Enabled
49:41.5, 167.98 W, 250.00 W, Enabled
49:46.5, 159.85 W, 250.00 W, Enabled
49:51.5, 129.49 W, 250.00 W, Enabled
49:56.5, 164.36 W, 250.00 W, Enabled
50:01.6, 122.55 W, 250.00 W, Enabled
50:06.6, 147.59 W, 250.00 W, Enabled
50:11.6, 153.57 W, 250.00 W, Enabled
50:16.6, 93.11 W, 250.00 W, Enabled
50:21.6, 174.65 W, 250.00 W, Enabled
50:26.6, 140.18 W, 250.00 W, Enabled
50:31.6, 91.17 W, 250.00 W, Enabled
50:36.6, 174.92 W, 250.00 W, Enabled
50:41.6, 145.90 W, 250.00 W, Enabled
50:46.6, 115.16 W, 250.00 W, Enabled
50:51.6, 148.80 W, 250.00 W, Enabled
50:56.6, 151.72 W, 250.00 W, Enabled
51:01.6, 97.69 W, 250.00 W, Enabled
51:06.6, 158.17 W, 250.00 W, Enabled
51:11.6, 168.47 W, 250.00 W, Enabled
51:16.6, 160.58 W, 250.00 W, Enabled
51:21.6, 111.70 W, 250.00 W, Enabled
51:26.6, 160.97 W, 250.00 W, Enabled
51:31.6, 128.30 W, 250.00 W, Enabled
51:36.6, 117.47 W, 250.00 W, Enabled
51:41.6, 173.66 W, 250.00 W, Enabled
51:46.6, 157.75 W, 250.00 W, Enabled
51:51.6, 130.32 W, 250.00 W, Enabled
51:56.7, 158.41 W, 250.00 W, Enabled
52:01.7, 134.27 W, 250.00 W, Enabled
52:06.7, 144.94 W, 250.00 W, Enabled
52:11.7, 159.85 W, 250.00 W, Enabled
52:16.7, 116.61 W, 250.00 W, Enabled
52:21.7, 167.66 W, 250.00 W, Enabled
52:26.7, 149.54 W, 250.00 W, Enabled
52:31.7, 108.55 W, 250.00 W, Enabled
52:36.7, 169.50 W, 250.00 W, Enabled
52:41.7, 91.47 W, 250.00 W, Enabled
52:46.7, 125.47 W, 250.00 W, Enabled
52:51.7, 170.41 W, 250.00 W, Enabled
52:56.7, 125.21 W, 250.00 W, Enabled
53:01.7, 144.62 W, 250.00 W, Enabled
53:06.7, 156.78 W, 250.00 W, Enabled
53:11.7, 92.63 W, 250.00 W, Enabled
53:16.7, 155.51 W, 250.00 W, Enabled
53:21.7, 144.93 W, 250.00 W, Enabled
53:26.7, 111.52 W, 250.00 W, Enabled
53:31.7, 150.67 W, 250.00 W, Enabled
53:36.7, 169.12 W, 250.00 W, Enabled
53:41.8, 137.99 W, 250.00 W, Enabled
53:46.8, 96.71 W, 250.00 W, Enabled
53:51.8, 163.00 W, 250.00 W, Enabled
53:56.8, 156.95 W, 250.00 W, Enabled
54:01.8, 118.19 W, 250.00 W, Enabled
54:06.8, 167.75 W, 250.00 W, Enabled
54:11.8, 161.30 W, 250.00 W, Enabled
54:16.8, 132.98 W, 250.00 W, Enabled
54:21.8, 168.72 W, 250.00 W, Enabled
54:26.8, 151.23 W, 250.00 W, Enabled
54:31.8, 165.46 W, 250.00 W, Enabled
54:36.8, 120.91 W, 250.00 W, Enabled
54:41.8, 128.79 W, 250.00 W, Enabled
54:46.8, 155.25 W, 250.00 W, Enabled
54:51.8, 107.39 W, 250.00 W, Enabled
54:56.8, 166.70 W, 250.00 W, Enabled
55:01.8, 153.32 W, 250.00 W, Enabled
55:06.8, 97.00 W, 250.00 W, Enabled
55:11.8, 169.68 W, 250.00 W, Enabled
55:16.8, 164.84 W, 250.00 W, Enabled
55:21.8, 122.86 W, 250.00 W, Enabled
55:26.8, 170.40 W, 250.00 W, Enabled
55:31.8, 87.82 W, 250.00 W, Enabled
55:36.9, 129.10 W, 250.00 W, Enabled
55:41.9, 169.43 W, 250.00 W, Enabled
55:46.9, 160.59 W, 250.00 W, Enabled
55:51.9, 129.11 W, 250.00 W, Enabled
55:56.9, 171.12 W, 250.00 W, Enabled
56:01.9, 156.47 W, 250.00 W, Enabled
56:06.9, 125.95 W, 250.00 W, Enabled
56:11.9, 126.43 W, 250.00 W, Enabled
56:16.9, 168.63 W, 250.00 W, Enabled
56:21.9, 124.50 W, 250.00 W, Enabled
56:26.9, 147.35 W, 250.00 W, Enabled
56:31.9, 166.54 W, 250.00 W, Enabled
56:36.9, 104.29 W, 250.00 W, Enabled
56:41.9, 137.26 W, 250.00 W, Enabled
56:46.9, 154.54 W, 250.00 W, Enabled
56:51.9, 156.23 W, 250.00 W, Enabled
56:56.9, 148.08 W, 250.00 W, Enabled
57:01.9, 166.54 W, 250.00 W, Enabled
57:06.9, 125.70 W, 250.00 W, Enabled
57:11.9, 154.29 W, 250.00 W, Enabled
57:16.9, 165.97 W, 250.00 W, Enabled
57:21.9, 96.03 W, 250.00 W, Enabled
57:26.9, 160.82 W, 250.00 W, Enabled
57:32.0, 130.08 W, 250.00 W, Enabled
57:37.0, 127.33 W, 250.00 W, Enabled
57:42.0, 175.38 W, 250.00 W, Enabled
57:47.0, 159.12 W, 250.00 W, Enabled
57:52.0, 131.28 W, 250.00 W, Enabled
57:57.0, 168.94 W, 250.00 W, Enabled
58:02.0, 166.63 W, 250.00 W, Enabled
58:07.0, 134.76 W, 250.00 W, Enabled
58:12.0, 154.05 W, 250.00 W, Enabled
58:17.0, 91.95 W, 250.00 W, Enabled
58:22.0, 167.51 W, 250.00 W, Enabled
58:27.0, 154.54 W, 250.00 W, Enabled
58:32.0, 100.65 W, 250.00 W, Enabled
58:37.0, 169.19 W, 250.00 W, Enabled
58:42.0, 151.15 W, 250.00 W, Enabled
58:47.0, 167.99 W, 250.00 W, Enabled
58:52.0, 115.15 W, 250.00 W, Enabled
58:57.0, 142.52 W, 250.00 W, Enabled
59:02.0, 167.36 W, 250.00 W, Enabled
59:07.0, 151.87 W, 250.00 W, Enabled
59:12.1, 155.11 W, 250.00 W, Enabled
59:17.1, 158.65 W, 250.00 W, Enabled
59:22.1, 111.28 W, 250.00 W, Enabled
59:27.1, 161.37 W, 250.00 W, Enabled
59:32.1, 160.34 W, 250.00 W, Enabled
59:37.1, 108.06 W, 250.00 W, Enabled
59:42.1, 171.14 W, 250.00 W, Enabled
59:47.1, 148.96 W, 250.00 W, Enabled
59:52.1, 133.15 W, 250.00 W, Enabled
59:57.1, 170.15 W, 250.00 W, Enabled
00:02.1, 150.39 W, 250.00 W, Enabled
00:07.1, 126.91 W, 250.00 W, Enabled
00:12.1, 159.61 W, 250.00 W, Enabled
00:17.1, 90.49 W, 250.00 W, Enabled
00:22.1, 174.51 W, 250.00 W, Enabled
00:27.1, 156.22 W, 250.00 W, Enabled
00:32.1, 98.16 W, 250.00 W, Enabled
00:37.1, 169.93 W, 250.00 W, Enabled
00:42.1, 155.99 W, 250.00 W, Enabled
00:47.1, 129.34 W, 250.00 W, Enabled
00:52.1, 169.19 W, 250.00 W, Enabled
00:57.1, 76.15 W, 250.00 W, Enabled
01:02.2, 130.56 W, 250.00 W, Enabled
01:07.2, 171.14 W, 250.00 W, Enabled
01:12.2, 166.23 W, 250.00 W, Enabled
01:17.2, 163.97 W, 250.00 W, Enabled
01:22.2, 109.04 W, 250.00 W, Enabled
01:27.2, 168.72 W, 250.00 W, Enabled
01:32.2, 123.27 W, 250.00 W, Enabled
01:37.2, 128.62 W, 250.00 W, Enabled
01:42.2, 167.99 W, 250.00 W, Enabled
01:47.2, 149.21 W, 250.00 W, Enabled
01:52.2, 125.21 W, 250.00 W, Enabled
01:57.2, 154.46 W, 250.00 W, Enabled
02:02.2, 166.29 W, 250.00 W, Enabled
02:07.2, 122.56 W, 250.00 W, Enabled
02:12.2, 172.59 W, 250.00 W, Enabled
02:17.2, 158.41 W, 250.00 W, Enabled
02:22.2, 133.40 W, 250.00 W, Enabled
02:27.2, 171.02 W, 250.00 W, Enabled
02:32.2, 150.66 W, 250.00 W, Enabled
02:37.2, 109.28 W, 250.00 W, Enabled
02:42.2, 98.95 W, 250.00 W, Enabled
02:47.2, 125.22 W, 250.00 W, Enabled
02:52.3, 104.96 W, 250.00 W, Enabled
02:57.3, 43.41 W, 250.00 W, Enabled
03:02.3, 143.25 W, 250.00 W, Enabled
03:07.3, 162.91 W, 250.00 W, Enabled
03:12.3, 139.21 W, 250.00 W, Enabled
03:17.3, 121.34 W, 250.00 W, Enabled
03:22.3, 166.21 W, 250.00 W, Enabled
03:27.3, 128.84 W, 250.00 W, Enabled
03:32.3, 130.72 W, 250.00 W, Enabled
03:37.3, 166.54 W, 250.00 W, Enabled
03:42.3, 157.20 W, 250.00 W, Enabled
03:47.3, 147.51 W, 250.00 W, Enabled
03:52.3, 128.37 W, 250.00 W, Enabled
03:57.3, 172.96 W, 250.00 W, Enabled
04:02.3, 156.72 W, 250.00 W, Enabled
04:07.3, 126.91 W, 250.00 W, Enabled
04:12.3, 167.77 W, 250.00 W, Enabled
04:17.3, 110.48 W, 250.00 W, Enabled
04:22.3, 148.00 W, 250.00 W, Enabled
04:27.3, 168.12 W, 250.00 W, Enabled
04:32.3, 145.67 W, 250.00 W, Enabled
04:37.3, 147.37 W, 250.00 W, Enabled
04:42.3, 155.75 W, 250.00 W, Enabled
04:47.3, 100.17 W, 250.00 W, Enabled
04:52.4, 157.19 W, 250.00 W, Enabled
04:57.4, 168.23 W, 250.00 W, Enabled
05:02.4, 123.28 W, 250.00 W, Enabled
05:07.4, 162.52 W, 250.00 W, Enabled
05:12.4, 172.35 W, 250.00 W, Enabled
05:17.4, 139.59 W, 250.00 W, Enabled
05:22.4, 148.58 W, 250.00 W, Enabled
05:27.4, 170.40 W, 250.00 W, Enabled
05:32.4, 116.30 W, 250.00 W, Enabled
05:37.4, 148.31 W, 250.00 W, Enabled
05:42.4, 149.12 W, 250.00 W, Enabled
05:47.4, 164.83 W, 250.00 W, Enabled
05:52.4, 119.17 W, 250.00 W, Enabled
05:57.4, 149.46 W, 250.00 W, Enabled
06:02.4, 174.03 W, 250.00 W, Enabled
06:07.4, 159.85 W, 250.00 W, Enabled
06:12.4, 166.12 W, 250.00 W, Enabled
06:17.4, 165.42 W, 250.00 W, Enabled
06:22.4, 153.07 W, 250.00 W, Enabled
06:27.4, 120.30 W, 250.00 W, Enabled
06:32.5, 160.74 W, 250.00 W, Enabled
06:37.5, 175.81 W, 250.00 W, Enabled
06:42.5, 114.38 W, 250.00 W, Enabled
06:47.5, 135.07 W, 250.00 W, Enabled
06:52.5, 155.49 W, 250.00 W, Enabled
06:57.5, 107.39 W, 250.00 W, Enabled
07:02.5, 157.02 W, 250.00 W, Enabled
07:07.5, 164.28 W, 250.00 W, Enabled
07:12.5, 114.62 W, 250.00 W, Enabled
07:17.5, 159.12 W, 250.00 W, Enabled
07:22.5, 167.53 W, 250.00 W, Enabled
07:27.5, 136.12 W, 250.00 W, Enabled
07:32.5, 153.47 W, 250.00 W, Enabled
07:37.5, 157.93 W, 250.00 W, Enabled
07:42.5, 97.00 W, 250.00 W, Enabled
07:47.5, 153.32 W, 250.00 W, Enabled
07:52.5, 148.57 W, 250.00 W, Enabled
07:57.5, 104.72 W, 250.00 W, Enabled
08:02.5, 157.11 W, 250.00 W, Enabled
08:07.5, 167.42 W, 250.00 W, Enabled
08:12.5, 161.94 W, 250.00 W, Enabled
08:17.5, 122.13 W, 250.00 W, Enabled
08:22.5, 164.99 W, 250.00 W, Enabled
08:27.5, 122.86 W, 250.00 W, Enabled
08:32.6, 117.47 W, 250.00 W, Enabled
08:37.6, 164.76 W, 250.00 W, Enabled
08:42.6, 150.02 W, 250.00 W, Enabled
08:47.6, 99.62 W, 250.00 W, Enabled
08:52.6, 171.36 W, 250.00 W, Enabled
08:57.6, 161.06 W, 250.00 W, Enabled
09:02.6, 153.47 W, 250.00 W, Enabled
09:07.6, 138.47 W, 250.00 W, Enabled
09:12.6, 172.02 W, 250.00 W, Enabled
09:17.6, 111.75 W, 250.00 W, Enabled
09:22.6, 150.02 W, 250.00 W, Enabled
09:27.6, 156.72 W, 250.00 W, Enabled
09:32.6, 94.33 W, 250.00 W, Enabled
09:37.6, 165.09 W, 250.00 W, Enabled
09:42.6, 145.66 W, 250.00 W, Enabled
09:47.6, 113.63 W, 250.00 W, Enabled
09:52.6, 170.08 W, 250.00 W, Enabled
09:57.6, 158.40 W, 250.00 W, Enabled
10:02.6, 113.10 W, 250.00 W, Enabled
10:07.6, 167.99 W, 250.00 W, Enabled
10:12.6, 153.24 W, 250.00 W, Enabled
10:17.7, 151.23 W, 250.00 W, Enabled
10:22.7, 166.43 W, 250.00 W, Enabled
10:27.7, 105.20 W, 250.00 W, Enabled
10:32.7, 125.70 W, 250.00 W, Enabled
10:37.7, 43.17 W, 250.00 W, Enabled
10:42.7, 30.28 W, 250.00 W, Enabled
10:47.7, 29.79 W, 250.00 W, Enabled
